Antonio Trias <atrias@dzynetech.com> Antonio Trias <atrias@local.dzynetech.com>
Antonio Trias <atrias@dzynetech.com> atrias <atrias@dzynetech.com>
Bane Sullivan <bane.sullivan@kitware.com> banesullivan <bane.sullivan@kitware.com>
Benjamin Brodie <benjaminbrodie21@gmail.com> benjaminbrodie <benjaminbrodie21@gmail.com>
Connor Greenwell <connor.greenwell@kitware.com> Connor Greenwell <cgree3@gmail.com>
Connor Greenwell <connor.greenwell@kitware.com> Connor Greenwell <connor.greenwell@arthur.khq.kitware.com>
Connor Greenwell <connor.greenwell@kitware.com> Connor Greenwell <connor.greenwell@horologic.khq.kitware.com>
Connor Greenwell <connor.greenwell@kitware.com> Connor Greenwell <connor.greenwell@kwintern-1811.khq.kitware.com>
Jacob Birge <jacobbirge24@gmail.com> Jacob-Birge <jacobbirge24@gmail.com>
Ji Won Suh <ji.suh@uconn.edu> twin22jw <ji.suh@uconn.edu>
Jon Crall <jon.crall@kitware.com> Jon Crall <crallj@rpi.edu>
Jon Crall <jon.crall@kitware.com> Jon Crall <erotemic@gmail.com>
Jon Crall <jon.crall@kitware.com> Jonathan Crall <erotemic@gmail.com>
Jon Crall <jon.crall@kitware.com> jon.crall <jon.crall@kitware.com>
Jon Crall <jon.crall@kitware.com> joncrall <crallj@rpi.edu>
Jon Crall <jon.crall@kitware.com> joncrall <erotemic@gmail.com>
Jon Crall <jon.crall@kitware.com> joncrall <jon.crall@kitware.com>
Matthew Bernstein <matthew.bernstein@kitware.com> Matthew <matthew.bernstein@kitware.com>
Matthew Purri <matthew.purri@rutgers.edu> matthewpurri <mjp372@scarletmail.rutgers.edu>
Peri Akiva <peri.akiva@rutgers.edu> periakiva <peri.akiva@rutgers.edu>
Peri Akiva <peri.akiva@rutgers.edu> periakiva <periha@gmail.com>
Sergii Skakun <skakun@umd.edu> sskakun <skakun@umd.edu>
Usman Rafique <usman.rafique@kitware.com> Usman Rafique <usman.rafique@horologic.khq.kitware.com>
Wade Pines <wpines@clarityinnovates.com> wpines <wpines@clarityinnovates.com>
